,0,1,2,3
0,,,Eastern Time *,UTC **
1,1995.0,,,
2,,Vernal Equinox,3/20/95 21:14,3/21/95 2:14
3,,First Third of Spring,4/20/95 19:20,4/21/95 0:20
4,,Mid-Spring,5/6/95 7:24,5/6/95 11:24
5,,Second Third of Spring,5/21/95 18:27,5/21/95 22:27
6,,Summer Solstice,6/21/95 16:34,6/21/95 20:34
7,,First Third of Summer,7/22/95 21:47,7/23/95 1:47
8,,Mid-Summer,8/7/95 12:23,8/7/95 16:23
9,,Second Third of Summer,8/23/95 3:00,8/23/95 7:00
10,,Autumnal Equinox,9/23/95 8:13,9/23/95 12:13
11,,First Third of Autumn,10/23/95 6:54,10/23/95 10:54
12,,Mid-Autumn,11/7/95 5:15,11/7/95 10:15
13,,Second Third of Autumn,11/22/95 4:35,11/22/95 9:35
14,,Winter Solstice,12/22/95 3:17,12/22/95 8:17
15,,,,
16,1996.0,,Eastern Time,UTC
17,,First Third of Winter,1/20/96 19:12,1/21/96 0:12
18,,Mid-Winter,2/4/96 15:10,2/4/96 20:10
19,,Second Third of Winter,2/19/96 11:07,2/19/96 16:07
20,,Vernal Equinox,3/20/96 3:03,3/20/96 8:03
21,,First Third of Spring,4/20/96 1:10,4/20/96 6:10
22,,Mid-Spring,5/5/96 13:13,5/5/96 17:13
23,,Second Third of Spring,5/21/96 0:17,5/21/96 4:17
24,,Summer Solstice,6/20/96 22:24,6/21/96 2:24
25,,First Third of Summer,7/22/96 3:36,7/22/96 7:36
26,,Mid-Summer,8/6/96 18:12,8/6/96 22:12
27,,Second Third of Summer,8/22/96 8:48,8/22/96 12:48
28,,Autumnal Equinox,9/22/96 14:00,9/22/96 18:00
29,,First Third of Autumn,10/22/96 12:42,10/22/96 16:42
30,,Mid-Autumn,11/6/96 11:03,11/6/96 16:03
31,,Second Third of Autumn,11/21/96 10:24,11/21/96 15:24
32,,Winter Solstice,12/21/96 9:06,12/21/96 14:06
33,,,,
34,1997.0,,Eastern Time,UTC
35,,First Third of Winter,1/20/97 1:02,1/20/97 6:02
36,,Mid-Winter,2/3/97 21:00,2/4/97 2:00
37,,Second Third of Winter,2/18/97 16:58,2/18/97 21:58
38,,Vernal Equinox,3/20/97 8:55,3/20/97 13:55
39,,First Third of Spring,4/20/97 7:03,4/20/97 12:03
40,,Mid-Spring,5/5/97 19:07,5/5/97 23:07
41,,Second Third of Spring,5/21/97 6:11,5/21/97 10:11
42,,Summer Solstice,6/21/97 4:20,6/21/97 8:20
43,,First Third of Summer,7/22/97 9:32,7/22/97 13:32
44,,Mid-Summer,8/7/97 0:08,8/7/97 4:08
45,,Second Third of Summer,8/22/97 14:44,8/22/97 18:44
46,,Autumnal Equinox,9/22/97 19:56,9/22/97 23:56
47,,First Third of Autumn,10/22/97 18:39,10/22/97 22:39
48,,Mid-Autumn,11/6/97 17:01,11/6/97 22:01
49,,Second Third of Autumn,11/21/97 16:23,11/21/97 21:23
50,,Winter Solstice,12/21/97 15:07,12/21/97 20:07
51,,,,
52,1998.0,,Eastern Time,UTC
53,,First Third of Winter,1/20/98 7:03,1/20/98 12:03
54,,Mid-Winter,2/4/98 3:01,2/4/98 8:01
55,,Second Third of Winter,2/18/98 22:59,2/19/98 3:59
56,,Vernal Equinox,3/20/98 14:55,3/20/98 19:55
57,,First Third of Spring,4/20/98 12:57,4/20/98 17:57
58,,Mid-Spring,5/6/98 0:59,5/6/98 4:59
59,,Second Third of Spring,5/21/98 12:00,5/21/98 16:00
60,,Summer Solstice,6/21/98 10:03,6/21/98 14:03
61,,First Third of Summer,7/22/98 15:14,7/22/98 19:14
62,,Mid-Summer,8/7/98 5:50,8/7/98 9:50
63,,Second Third of Summer,8/22/98 20:25,8/23/98 0:25
64,,Autumnal Equinox,9/23/98 1:37,9/23/98 5:37
65,,First Third of Autumn,10/23/98 0:23,10/23/98 4:23
66,,Mid-Autumn,11/6/98 22:46,11/7/98 3:46
67,,Second Third of Autumn,11/21/98 22:09,11/22/98 3:09
68,,Winter Solstice,12/21/98 20:56,12/22/98 1:56
69,,,,
70,1999.0,,Eastern Time,UTC
71,,First Third of Winter,1/20/99 12:52,1/20/99 17:52
72,,Mid-Winter,2/4/99 8:51,2/4/99 13:51
73,,Second Third of Winter,2/19/99 4:49,2/19/99 9:49
74,,Vernal Equinox,3/20/99 20:46,3/21/99 1:46
75,,First Third of Spring,4/20/99 18:47,4/20/99 23:47
76,,Mid-Spring,5/6/99 6:47,5/6/99 10:47
77,,Second Third of Spring,5/21/99 17:48,5/21/99 21:48
78,,Summer Solstice,6/21/99 15:49,6/21/99 19:49
79,,First Third of Summer,7/22/99 21:03,7/23/99 1:03
80,,Mid-Summer,8/7/99 11:40,8/7/99 15:40
81,,Second Third of Summer,8/23/99 2:17,8/23/99 6:17
82,,Autumnal Equinox,9/23/99 7:31,9/23/99 11:31
83,,First Third of Autumn,10/23/99 6:15,10/23/99 10:15
84,,Mid-Autumn,11/7/99 4:37,11/7/99 9:37
85,,Second Third of Autumn,11/22/99 3:59,11/22/99 8:59
86,,Winter Solstice,12/22/99 2:44,12/22/99 7:44
87,,,,
88,2000.0,,Eastern Time,UTC
89,,First Third of Winter,1/20/00 18:41,1/20/00 23:41
90,,Mid-Winter,2/4/00 14:39,2/4/00 19:39
91,,Second Third of Winter,2/19/00 10:38,2/19/00 15:38
92,,Vernal Equinox,3/20/00 2:35,3/20/00 7:35
93,,First Third of Spring,4/20/00 0:39,4/20/00 5:39
94,,Mid-Spring,5/5/00 12:41,5/5/00 16:41
95,,Second Third of Spring,5/20/00 23:43,5/21/00 3:43
96,,Summer Solstice,6/20/00 21:48,6/21/00 1:48
97,,First Third of Summer,7/22/00 3:01,7/22/00 7:01
98,,Mid-Summer,8/6/00 17:37,8/6/00 21:37
99,,Second Third of Summer,8/22/00 8:14,8/22/00 12:14
100,,Autumnal Equinox,9/22/00 13:27,9/22/00 17:27
101,,First Third of Autumn,10/22/00 12:10,10/22/00 16:10
102,,Mid-Autumn,11/6/00 10:32,11/6/00 15:32
103,,Second Third of Autumn,11/21/00 9:53,11/21/00 14:53
104,,Winter Solstice,12/21/00 8:37,12/21/00 13:37
105,2001.0,,Eastern Time,UTC
106,,First Third of Winter,1/20/01 0:35,1/20/01 5:35
107,,Mid-Winter,2/3/01 20:34,2/4/01 1:34
108,,Second Third of Winter,2/18/01 16:33,2/18/01 21:33
109,,Vernal Equinox,3/20/01 8:31,3/20/01 13:31
110,,First Third of Spring,4/20/01 6:33,4/20/01 11:33
111,,Mid-Spring,5/5/01 18:34,5/5/01 22:34
112,,Second Third of Spring,5/21/01 5:35,5/21/01 9:35
113,,Summer Solstice,6/21/01 3:38,6/21/01 7:38
114,,First Third of Summer,7/22/01 8:47,7/22/01 12:47
115,,Mid-Summer,8/6/01 23:21,8/7/01 3:21
116,,Second Third of Summer,8/22/01 13:56,8/22/01 17:56
117,,Autumnal Equinox,9/22/01 19:05,9/22/01 23:05
118,,First Third of Autumn,10/22/01 17:50,10/22/01 21:50
119,,Mid-Autumn,11/6/01 16:13,11/6/01 21:13
120,,Second Third of Autumn,11/21/01 15:36,11/21/01 20:36
121,,Winter Solstice,12/21/01 14:22,12/21/01 19:22
122,,,,
123,2002.0,,Eastern Time,UTC
124,,First Third of Winter,1/20/02 6:20,1/20/02 11:20
125,,Mid-Winter,2/4/02 2:19,2/4/02 7:19
126,,Second Third of Winter,2/18/02 22:18,2/19/02 3:18
127,,Vernal Equinox,3/20/02 14:16,3/20/02 19:16
128,,First Third of Spring,4/20/02 12:18,4/20/02 17:18
129,,Mid-Spring,5/6/02 0:20,5/6/02 4:20
130,,Second Third of Spring,5/21/02 11:21,5/21/02 15:21
131,,Summer Solstice,6/21/02 9:24,6/21/02 13:24
132,,First Third of Summer,7/22/02 14:34,7/22/02 18:34
133,,Mid-Summer,8/7/02 5:10,8/7/02 9:10
134,,Second Third of Summer,8/22/02 19:45,8/22/02 23:45
135,,Autumnal Equinox,9/23/02 0:56,9/23/02 4:56
136,,First Third of Autumn,10/22/02 23:42,10/23/02 3:42
137,,Mid-Autumn,11/6/02 22:05,11/7/02 3:05
138,,Second Third of Autumn,11/21/02 21:28,11/22/02 2:28
139,,Winter Solstice,12/21/02 20:15,12/22/02 1:15
140,,,,
141,2003.0,,Eastern Time,UTC
142,,First Third of Winter,1/20/03 12:10,1/20/03 17:10
143,,Mid-Winter,2/4/03 8:07,2/4/03 13:07
144,,Second Third of Winter,2/19/03 4:05,2/19/03 9:05
145,,Vernal Equinox,3/20/03 20:00,3/21/03 1:00
146,,First Third of Spring,4/20/03 18:03,4/20/03 23:03
147,,Mid-Spring,5/6/03 6:05,5/6/03 10:05
148,,Second Third of Spring,5/21/03 17:06,5/21/03 21:06
149,,Summer Solstice,6/21/03 15:10,6/21/03 19:10
150,,First Third of Summer,7/22/03 20:22,7/23/03 0:22
151,,Mid-Summer,8/7/03 10:58,8/7/03 14:58
152,,Second Third of Summer,8/23/03 1:34,8/23/03 5:34
153,,Autumnal Equinox,9/23/03 6:47,9/23/03 10:47
154,,First Third of Autumn,10/23/03 5:32,10/23/03 9:32
155,,Mid-Autumn,11/7/03 3:55,11/7/03 8:55
156,,Second Third of Autumn,11/22/03 3:18,11/22/03 8:18
157,,Winter Solstice,12/22/03 2:04,12/22/03 7:04
158,,,,
159,2004.0,,Eastern Time,UTC
160,,First Third of Winter,1/20/04 17:59,1/20/04 22:59
161,,Mid-Winter,2/4/04 13:56,2/4/04 18:56
162,,Second Third of Winter,2/19/04 9:54,2/19/04 14:54
163,,Vernal Equinox,3/20/04 1:49,3/20/04 6:49
164,,First Third of Spring,4/19/04 23:51,4/20/04 4:51
165,,Mid-Spring,5/5/04 11:53,5/5/04 15:53
166,,Second Third of Spring,5/20/04 22:54,5/21/04 2:54
167,,Summer Solstice,6/20/04 20:57,6/21/04 0:57
168,,First Third of Summer,7/22/04 2:08,7/22/04 6:08
169,,Mid-Summer,8/6/04 16:43,8/6/04 20:43
170,,Second Third of Summer,8/22/04 7:19,8/22/04 11:19
171,,Autumnal Equinox,9/22/04 12:30,9/22/04 16:30
172,,First Third of Autumn,10/22/04 11:14,10/22/04 15:14
173,,Mid-Autumn,11/6/04 9:36,11/6/04 14:36
174,,Second Third of Autumn,11/21/04 8:58,11/21/04 13:58
175,,Winter Solstice,12/21/04 7:42,12/21/04 12:42
176,,,,
177,2005.0,,Eastern Time,UTC
178,,First Third of Winter,1/19/05 23:39,1/20/05 4:39
179,,Mid-Winter,2/3/05 19:38,2/4/05 0:38
180,,Second Third of Winter,2/18/05 15:36,2/18/05 20:36
181,,Vernal Equinox,3/20/05 7:34,3/20/05 12:34
182,,First Third of Spring,4/20/05 5:38,4/20/05 10:38
183,,Mid-Spring,5/5/05 17:40,5/5/05 21:40
184,,Second Third of Spring,5/21/05 4:42,5/21/05 8:42
185,,Summer Solstice,6/21/05 2:46,6/21/05 6:46
186,,First Third of Summer,7/22/05 7:58,7/22/05 11:58
187,,Mid-Summer,8/6/05 22:34,8/7/05 2:34
188,,Second Third of Summer,8/22/05 13:10,8/22/05 17:10
189,,Autumnal Equinox,9/22/05 18:23,9/22/05 22:23
190,,First Third of Autumn,10/22/05 17:07,10/22/05 21:07
191,,Mid-Autumn,11/6/05 15:29,11/6/05 20:29
192,,Second Third of Autumn,11/21/05 14:51,11/21/05 19:51
193,,Winter Solstice,12/21/05 13:35,12/21/05 18:35
194,2006.0,,Eastern Time,UTC
195,,First Third of Winter,1/20/06 5:32,1/20/06 10:32
196,,Mid-Winter,2/4/06 1:30,2/4/06 6:30
197,,Second Third of Winter,2/18/06 21:29,2/19/06 2:29
198,,Vernal Equinox,3/20/06 13:26,3/20/06 18:26
199,,First Third of Spring,4/20/06 12:26,4/20/06 16:26
200,,Mid-Spring,5/5/06 23:26,5/6/06 3:26
201,,Second Third of Spring,5/21/06 10:26,5/21/06 14:26
202,,Summer Solstice,6/21/06 8:26,6/21/06 12:26
203,,First Third of Summer,7/22/06 13:38,7/22/06 17:38
204,,Mid-Summer,8/7/06 4:14,8/7/06 8:14
205,,Second Third of Summer,8/22/06 18:50,8/22/06 22:50
206,,Autumnal Equinox,9/23/06 0:03,9/23/06 4:03
207,,First Third of Autumn,10/22/06 22:49,10/23/06 2:49
208,,Mid-Autumn,11/6/06 21:12,11/7/06 2:12
209,,Second Third of Autumn,11/21/06 20:35,11/22/06 1:35
210,,Winter Solstice,12/21/06 19:22,12/22/06 0:22
211,,,,
212,2007.0,,Eastern Time,UTC
213,,First Third of Winter,1/20/07 11:17,1/20/07 16:17
214,,Mid-Winter,2/4/07 7:14,2/4/07 12:14
215,,Second Third of Winter,2/19/07 3:12,2/19/07 8:12
216,,Vernal Equinox,3/20/07 20:07†,3/21/07 0:07
217,,First Third of Spring,4/20/07 18:06,4/20/07 22:06
218,,Mid-Spring,5/6/07 5:06,5/6/07 9:06
219,,Second Third of Spring,5/21/07 16:06,5/21/07 20:06
220,,Summer Solstice,6/21/07 14:06,6/21/07 18:06
221,,First Third of Summer,7/22/07 19:21,7/22/07 23:21
222,,Mid-Summer,8/7/07 9:58,8/7/07 13:58
223,,Second Third of Summer,8/23/07 0:36,8/23/07 4:36
224,,Autumnal Equinox,9/23/07 5:51,9/23/07 9:51
225,,First Third of Autumn,10/23/07 4:36,10/23/07 8:36
226,,Mid-Autumn,11/7/07 2:59,11/7/07 7:59
227,,Second Third of Autumn,11/22/07 2:22,11/22/07 7:22
228,,Winter Solstice,12/22/07 1:08,12/22/07 6:08
229,,,,
230,2008.0,,Eastern Time,UTC
231,,First Third of Winter,1/20/08 17:01,1/20/08 22:01
232,,Mid-Winter,2/4/08 12:58,2/4/08 17:58
233,,Second Third of Winter,2/19/08 8:54,2/19/08 13:54
234,,Vernal Equinox,3/20/08 1:48,3/20/08 5:48
235,,First Third of Spring,4/19/08 23:51,4/20/08 3:51
236,,Mid-Spring,5/5/08 10:53,5/5/08 14:53
237,,Second Third of Spring,5/20/08 21:55,5/21/08 1:55
238,,Summer Solstice,6/20/08 19:59,6/20/08 23:59
239,,First Third of Summer,7/22/08 1:14,7/22/08 5:14
240,,Mid-Summer,8/6/08 15:51,8/6/08 19:51
241,,Second Third of Summer,8/22/08 6:29,8/22/08 10:29
242,,Autumnal Equinox,9/22/08 11:44,9/22/08 15:44
243,,First Third of Autumn,10/22/08 10:30,10/22/08 14:30
244,,Mid-Autumn,11/6/08 8:54,11/6/08 13:54
245,,Second Third of Autumn,11/21/08 8:17,11/21/08 13:17
246,,Winter Solstice,12/21/08 7:04,12/21/08 12:04
247,,,,
248,2009.0,,Eastern Time,UTC
249,,First Third of Winter,1/19/09 22:57,1/20/09 3:57
250,,Mid-Winter,2/3/09 18:54,2/3/09 23:54
251,,Second Third of Winter,2/18/09 14:50,2/18/09 19:50
252,,Vernal Equinox,3/20/09 7:44,3/20/09 11:44
253,,First Third of Spring,4/20/09 5:44,4/20/09 9:44
254,,Mid-Spring,5/5/09 16:44,5/5/09 20:44
255,,Second Third of Spring,5/21/09 3:44,5/21/09 7:44
256,,Summer Solstice,6/21/09 1:45,6/21/09 5:45
257,,First Third of Summer,7/22/09 6:56,7/22/09 10:56
258,,Mid-Summer,8/6/09 21:31,8/7/09 1:31
259,,Second Third of Summer,8/22/09 12:07,8/22/09 16:07
260,,Autumnal Equinox,9/22/09 17:18,9/22/09 21:18
261,,First Third of Autumn,10/22/09 16:07,10/22/09 20:07
262,,Mid-Autumn,11/6/09 14:32,11/6/09 19:32
263,,Second Third of Autumn,11/21/09 13:57,11/21/09 18:57
264,,Winter Solstice,12/21/09 12:47,12/21/09 17:47
265,,,,
266,2010.0,,Eastern Time,UTC
267,,First Third of Winter,1/20/10 4:42,1/20/10 9:42
268,,Mid-Winter,2/4/10 0:39,2/4/10 5:39
269,,Second Third of Winter,2/18/10 20:37,2/19/10 1:37
270,,Vernal Equinox,3/20/10 13:32,3/20/10 17:32
271,,First Third of Spring,4/20/10 11:30,4/20/10 15:30
272,,Mid-Spring,5/5/10 22:30,5/6/10 2:30
273,,Second Third of Spring,5/21/10 9:29,5/21/10 13:29
274,,Summer Solstice,6/21/10 7:28,6/21/10 11:28
275,,First Third of Summer,7/22/10 12:41,7/22/10 16:41
276,,Mid-Summer,8/7/10 3:18,8/7/10 7:18
277,,Second Third of Summer,8/22/10 17:55,8/22/10 21:55
278,,Autumnal Equinox,9/22/10 23:09,9/23/10 3:09
279,,First Third of Autumn,10/22/10 21:58,10/23/10 1:58
280,,Mid-Autumn,11/6/10 21:23,11/7/10 1:23
281,,Second Third of Autumn,11/21/10 19:48,11/22/10 0:48
282,,Winter Solstice,12/21/10 18:38,12/21/10 23:38
283,,,,
284,2011.0,,Eastern Time,UTC
285,,First Third of Winter,1/20/11 10:32,1/20/11 15:32
286,,Mid-Winter,2/4/11 6:29,2/4/11 11:29
287,,Second Third of Winter,2/19/11 2:26,2/19/11 7:26
288,,Vernal Equinox,3/20/11 19:21,3/20/11 23:21
289,,First Third of Spring,4/20/11 17:19,4/20/11 21:19
290,,Mid-Spring,5/6/11 4:18,5/6/11 8:18
291,,Second Third of Spring,5/21/11 15:17,5/21/11 19:17
292,,Summer Solstice,6/21/11 13:16,6/21/11 17:16
293,,First Third of Summer,7/22/11 18:32,7/22/11 22:32
294,,Mid-Summer,8/7/11 9:10,8/7/11 13:10
295,,Second Third of Summer,8/22/11 23:48,8/23/11 3:48
296,,Autumnal Equinox,9/23/11 5:04,9/23/11 9:04
297,,First Third of Autumn,10/23/11 3:52,10/23/11 7:52
298,,Mid-Autumn,11/7/11 2:17,11/7/11 7:17
299,,Second Third of Autumn,11/22/11 1:41,11/22/11 6:41
300,,Winter Solstice,12/22/11 0:30,12/22/11 5:30
301,,,,
302,2012.0,,Eastern Time,UTC
303,,First Third of Winter,1/20/12 16:24,1/20/12 21:24
304,,Mid-Winter,2/4/12 12:22,2/4/12 17:22
305,,Second Third of Winter,2/19/12 8:19,2/19/12 13:19
306,,Vernal Equinox,3/20/12 1:14,3/20/12 5:14
307,,First Third of Spring,4/19/12 23:12,4/20/12 3:12
308,,Mid-Spring,5/5/12 10:11,5/5/12 14:11
309,,Second Third of Spring,5/20/12 21:10,5/21/12 1:10
310,,Summer Solstice,6/20/12 19:09,6/20/12 23:09
311,,First Third of Summer,7/22/12 0:22,7/22/12 4:22
312,,Mid-Summer,8/6/12 14:59,8/6/12 18:59
313,,Second Third of Summer,8/22/12 5:35,8/22/12 9:35
314,,Autumnal Equinox,9/22/12 10:49,9/22/12 14:49
315,,First Third of Autumn,10/22/12 9:36,10/22/12 13:36
316,,Mid-Autumn,11/6/12 8:00,11/6/12 13:00
317,,Second Third of Autumn,11/21/12 7:23,11/21/12 12:23
318,,Winter Solstice,12/21/12 6:11,12/21/12 11:11
319,,,,
320,2013.0,,Eastern Time,UTC
321,,First Third of Winter,1/19/13 22:08,1/20/13 3:08
322,,Mid-Winter,2/3/13 18:06,2/3/13 23:06
323,,Second Third of Winter,2/18/13 14:05,2/18/13 19:05
324,,Vernal Equinox,3/20/13 7:02,3/20/13 11:02
325,,First Third of Spring,4/20/13 5:02,4/20/13 9:02
326,,Mid-Spring,5/5/13 16:03,5/5/13 20:03
327,,Second Third of Spring,5/21/13 3:03,5/21/13 7:03
328,,Summer Solstice,6/21/13 1:04,6/21/13 5:04
329,,First Third of Summer,7/22/13 6:17,7/22/13 10:17
330,,Mid-Summer,8/6/13 20:54,8/7/13 0:54
331,,Second Third of Summer,8/22/13 11:30,8/22/13 15:30
332,,Autumnal Equinox,9/22/13 16:44,9/22/13 20:44
333,,First Third of Autumn,10/22/13 15:33,10/22/13 19:33
334,,Mid-Autumn,11/6/13 13:57,11/6/13 18:57
335,,Second Third of Autumn,11/21/13 13:22,11/21/13 18:22
336,,Winter Solstice,12/21/13 12:11,12/21/13 17:11
337,,,,
338,2014.0,,Eastern Time,UTC
339,,First Third of Winter,1/20/14 4:06,1/20/14 9:06
340,,Mid-Winter,2/4/14 0:04,2/4/14 5:04
341,,Second Third of Winter,2/18/14 20:01,2/19/14 1:01
342,,Vernal Equinox,3/20/14 12:57,3/20/14 16:57
343,,First Third of Spring,4/20/14 10:55,4/20/14 14:55
344,,Mid-Spring,5/5/14 21:54,5/6/14 1:54
345,,Second Third of Spring,5/21/14 8:53,5/21/14 12:53
346,,Summer Solstice,6/21/14 6:51,6/21/14 10:51
347,,First Third of Summer,7/22/14 12:03,7/22/14 16:03
348,,Mid-Summer,8/7/14 2:40,8/7/14 6:40
349,,Second Third of Summer,8/22/14 17:16,8/22/14 21:16
350,,Autumnal Equinox,9/22/14 22:29,9/23/14 2:29
351,,First Third of Autumn,10/22/14 21:20,10/23/14 1:20
352,,Mid-Autumn,11/6/14 19:46,11/7/14 0:46
353,,Second Third of Autumn,11/21/14 19:11,11/22/14 0:11
354,,Winter Solstice,12/21/14 18:03,12/21/14 23:03
355,,,,
356,2015.0,,Eastern Time,UTC
357,,First Third of Winter,1/20/15 9:57,1/20/15 14:57
358,,Mid-Winter,2/4/15 5:54,2/4/15 10:54
359,,Second Third of Winter,2/19/15 1:51,2/19/15 6:51
360,,Vernal Equinox,3/20/15 18:45,3/20/15 22:45
361,,First Third of Spring,4/20/15 16:42,4/20/15 20:42
362,,Mid-Spring,5/6/15 3:41,5/6/15 7:41
363,,Second Third of Spring,5/21/15 14:40,5/21/15 18:40
364,,Summer Solstice,6/21/15 12:38,6/21/15 16:38
365,,First Third of Summer,7/22/15 17:52,7/22/15 21:52
366,,Mid-Summer,8/7/15 8:29,8/7/15 12:29
367,,Second Third of Summer,8/22/15 23:06,8/23/15 3:06
368,,Autumnal Equinox,9/23/15 4:20,9/23/15 8:20
369,,First Third of Autumn,10/23/15 3:09,10/23/15 7:09
370,,Mid-Autumn,11/7/15 1:34,11/7/15 6:34
371,,Second Third of Autumn,11/22/15 0:58,11/22/15 5:58
372,,Winter Solstice,12/21/15 23:48,12/22/15 4:48
373,,,,
374,2016.0,,Eastern Time,UTC
375,,First Third of Winter,1/20/16 15:42,1/20/16 20:42
376,,Mid-Winter,2/4/16 11:39,2/4/16 16:39
377,,Second Third of Winter,2/19/16 7:36,2/19/16 12:36
378,,Vernal Equinox,3/20/16 0:30,3/20/16 4:30
379,,First Third of Spring,4/19/16 22:31,4/20/16 2:31
380,,Mid-Spring,5/5/16 9:32,5/5/16 13:32
381,,Second Third of Spring,5/20/16 20:32,5/21/16 0:32
382,,Summer Solstice,6/20/16 18:34,6/20/16 22:34
383,,First Third of Summer,7/21/16 23:49,7/22/16 3:49
384,,Mid-Summer,8/6/16 14:27,8/6/16 18:27
385,,Second Third of Summer,8/22/16 5:05,8/22/16 9:05
386,,Autumnal Equinox,9/22/16 10:21,9/22/16 14:21
387,,First Third of Autumn,10/22/16 9:08,10/22/16 13:08
388,,Mid-Autumn,11/6/16 7:32,11/6/16 12:32
389,,Second Third of Autumn,11/21/16 6:56,11/21/16 11:56
390,,Winter Solstice,12/21/16 5:44,12/21/16 10:44
391,,,,
392,2017.0,,Eastern Time,UTC
393,,First Third of Winter,1/19/17 21:38,1/20/17 2:38
394,,Mid-Winter,2/3/17 17:36,2/3/17 22:36
395,,Second Third of Winter,2/18/17 13:33,2/18/17 18:33
396,,Vernal Equinox,3/20/17 6:28,3/20/17 10:28
397,,First Third of Spring,4/20/17 4:26,4/20/17 8:26
398,,Mid-Spring,5/5/17 15:26,5/5/17 19:26
399,,Second Third of Spring,5/21/17 2:25,5/21/17 6:25
400,,Summer Solstice,6/21/17 0:24,6/21/17 4:24
401,,First Third of Summer,7/22/17 5:36,7/22/17 9:36
402,,Mid-Summer,8/6/17 20:13,8/7/17 0:13
403,,Second Third of Summer,8/22/17 10:49,8/22/17 14:49
404,,Autumnal Equinox,9/22/17 16:02,9/22/17 20:02
405,,First Third of Autumn,10/22/17 14:50,10/22/17 18:50
406,,Mid-Autumn,11/6/17 13:15,11/6/17 18:15
407,,Second Third of Autumn,11/21/17 12:39,11/21/17 17:39
408,,Winter Solstice,12/21/17 11:28,12/21/17 16:28
409,,,,
410,2018.0,,Eastern Time,UTC
411,,First Third of Winter,1/20/18 3:23,1/20/18 8:23
412,,Mid-Winter,2/3/18 23:21,2/4/18 4:21
413,,Second Third of Winter,2/18/18 19:19,2/19/18 0:19
414,,Vernal Equinox,3/20/18 12:15,3/20/18 16:15
415,,First Third of Spring,4/20/18 10:12,4/20/18 14:12
416,,Mid-Spring,5/5/18 21:11,5/6/18 1:11
417,,Second Third of Spring,5/21/18 8:09,5/21/18 12:09
418,,Summer Solstice,6/21/18 6:07,6/21/18 10:07
419,,First Third of Summer,7/22/18 11:22,7/22/18 15:22
420,,Mid-Summer,8/7/18 2:00,8/7/18 6:00
421,,Second Third of Summer,8/22/18 16:38,8/22/18 20:38
422,,Autumnal Equinox,9/22/18 21:54,9/23/18 1:54
423,,First Third of Autumn,10/22/18 20:43,10/23/18 0:43
424,,Mid-Autumn,11/6/18 19:08,11/7/18 0:08
425,,Second Third of Autumn,11/21/18 18:32,11/21/18 23:32
426,,Winter Solstice,12/21/18 17:22,12/21/18 22:22
427,,,,
428,2019.0,,Eastern Time,UTC
429,,First Third of Winter,1/20/19 9:14,1/20/19 14:14
430,,Mid-Winter,2/4/19 5:10,2/4/19 10:10
431,,Second Third of Winter,2/19/19 1:06,2/19/19 6:06
432,,Vernal Equinox,3/20/19 17:58,3/20/19 21:58
433,,First Third of Spring,4/20/19 15:56,4/20/19 19:56
434,,Mid-Spring,5/6/19 2:56,5/6/19 6:56
435,,Second Third of Spring,5/21/19 13:55,5/21/19 17:55
436,,Summer Solstice,6/21/19 11:54,6/21/19 15:54
437,,First Third of Summer,7/22/19 17:12,7/22/19 21:12
438,,Mid-Summer,8/7/19 7:52,8/7/19 11:52
439,,Second Third of Summer,8/22/19 22:31,8/23/19 2:31
440,,Autumnal Equinox,9/23/19 3:50,9/23/19 7:50
441,,First Third of Autumn,10/23/19 2:39,10/23/19 6:39
442,,Mid-Autumn,11/7/19 1:04,11/7/19 6:04
443,,Second Third of Autumn,11/22/19 0:29,11/22/19 5:29
444,,Winter Solstice,12/21/19 23:19,12/22/19 4:19
445,,,,
446,2020.0,,Eastern Time,UTC
447,,First Third of Winter,1/20/20 15:09,1/20/20 20:09
448,,Mid-Winter,2/4/20 11:04,2/4/20 16:04
449,,Second Third of Winter,2/19/20 6:59,2/19/20 11:59
450,,Vernal Equinox,3/19/20 23:49,3/20/20 3:49
451,,First Third of Spring,4/19/20 21:47,4/20/20 1:47
452,,Mid-Spring,5/5/20 8:46,5/5/20 12:46
453,,Second Third of Spring,5/20/20 19:45,5/20/20 23:45
454,,Summer Solstice,6/20/20 17:43,6/20/20 21:43
455,,First Third of Summer,7/21/20 22:58,7/22/20 2:58
456,,Mid-Summer,8/6/20 13:36,8/6/20 17:36
457,,Second Third of Summer,8/22/20 4:14,8/22/20 8:14
458,,Autumnal Equinox,9/22/20 9:30,9/22/20 13:30
459,,First Third of Autumn,10/22/20 8:20,10/22/20 12:20
460,,Mid-Autumn,11/6/20 6:46,11/6/20 11:46
461,,Second Third of Autumn,11/21/20 6:11,11/21/20 11:11
462,,Winter Solstice,12/21/20 5:02,12/21/20 10:02
463,2021.0,,Eastern Time,UTC
464,,First Third of Winter,01/19/21 10:51,01/19/21 15:51
465,,Mid-Winter,02/02/21 06:47,02/03/21 11:47
466,,Second Third of Winter,02/18/21 02:43,02/18/21 07:43
467,,Vernal Equinox,03/20/21 05:37,03/20/21 09:37
468,,First Third of Spring,04/19/21 17:58,04/19/21 21:58
469,,Mid-Spring,05/05/21 04:57,05/05/21 08:57
470,,Second Third of Spring,05/20/21 15:56,05/20/21 19:56
471,,Summer Solstice,06/20/21 23:32,06/21/21 03:32
472,,First Third of Summer,07/22/21 01:16,07/22/21 05:16
473,,Mid-Summer,08/06/21 15:54,08/06/21 19:54
474,,Second Third of Summer,08/22/21 06:32,08/22/21 10:32
475,,Autumnal Equinox,09/22/21 15:21,09/22/21 19:21
476,,First Third of Autumn,10/21/21 18:52,10/21/21 22:52
477,,Mid-Autumn,11/05/21 18:19,11/05/21 22:19
478,,Second Third of Autumn,11/20/21 16:45,11/20/21 21:45
479,,Winter Solstice,12/21/21 10:59,12/21/21 15:59
480,2022.0,,Eastern Time,UTC
481,,First Third of Winter,01/19/22 10:51,01/19/22 15:51
482,,Mid-Winter,02/03/22 06:47,02/03/22 11:47
483,,Second Third of Winter,02/18/22 02:42,02/18/22 07:42
484,,Vernal Equinox,03/20/22 11:33,03/20/22 15:33
485,,First Third of Spring,04/19/22 17:53,04/19/22 21:53
486,,Mid-Spring,05/05/22 04:50,05/05/22 08:50
487,,Second Third of Spring,05/20/22 15:47,05/20/22 19:47
488,,Summer Solstice,06/21/22 05:14,06/21/22 09:14
489,,First Third of Summer,07/22/22 01:16,07/22/22 05:16
490,,Mid-Summer,08/06/22 15:55,08/06/22 19:55
491,,Second Third of Summer,08/22/22 06:33,08/22/22 10:33
492,,Autumnal Equinox,09/22/22 21:04,09/23/22 01:04
493,,First Third of Autumn,10/22/22 18:54,10/22/22 22:54
494,,Mid-Autumn,11/06/22 17:22,11/06/22 22:22
495,,Second Third of Autumn,11/21/22 16:49,11/21/22 21:49
496,,Winter Solstice,12/21/22 16:48,12/21/22 21:48
497,,,,
498,2023.0,,Eastern Time,UTC
499,,First Third of Winter,01/19/23 10:52,01/19/23 15:52
500,,Mid-Winter,02/03/23 06:48,02/03/23 11:48
501,,Second Third of Winter,02/18/23 02:44,02/18/23 07:44
502,,Vernal Equinox,03/20/23 17:24,03/20/23 21:24
503,,First Third of Spring,04/19/23 17:51,04/19/23 21:51
504,,Mid-Spring,05/05/23 04:47,05/05/23 08:47
505,,Second Third of Spring,05/20/23 15:42,05/20/23 19:42
506,,Summer Solstice,06/21/23 10:58,06/21/23 14:58
507,,First Third of Summer,07/22/23 01:17,07/22/23 05:17
508,,Mid-Summer,08/06/23 15:56,08/06/23 19:56
509,,Second Third of Summer,08/22/23 06:34,08/22/23 10:34
510,,Autumnal Equinox,09/23/23 02:50,09/23/23 06:50
511,,First Third of Autumn,10/22/23 18:52,10/22/23 22:52
512,,Mid-Autumn,11/06/23 17:18,11/06/23 22:18
513,,Second Third of Autumn,11/21/23 16:44,11/21/23 21:44
514,,Winter Solstice,12/21/23 22:27,12/22/23 03:27
515,,,,
516,2024.0,,Eastern Time,UTC
517,,First Third of Winter,01/20/24 10:53,01/20/24 15:53
518,,Mid-Winter,02/04/24 06:49,02/04/24 11:49
519,,Second Third of Winter,02/19/24 02:46,02/19/24 07:46
520,,Vernal Equinox,03/19/24 23:06,03/20/24 03:06
521,,First Third of Spring,04/19/24 16:55,04/19/24 21:55
522,,Mid-Spring,05/05/24 03:52,05/05/24 08:52
523,,Second Third of Spring,05/20/24 14:50,05/20/24 19:50
524,,Summer Solstice,06/20/24 15:51,06/20/24 20:51
525,,First Third of Summer,07/21/24 00:17,07/21/24 05:17
526,,Mid-Summer,08/05/24 14:56,08/05/24 19:56
527,,Second Third of Summer,08/21/24 05:35,08/21/24 10:35
528,,Autumnal Equinox,09/22/24 07:44,09/22/24 12:44
529,,First Third of Autumn,10/21/24 17:52,10/21/24 22:52
530,,Mid-Autumn,11/05/24 17:18,11/05/24 22:18
531,,Second Third of Autumn,11/20/24 16:44,11/20/24 21:44
532,,Winter Solstice,12/21/24 04:21,12/21/24 09:21
533,,,,
534,2025.0,,Eastern Time,UTC
535,,First Third of Winter,01/19/25 10:53,01/19/25 15:53
536,,Mid-Winter,02/03/25 06:50,02/03/25 11:50
537,,Second Third of Winter,02/18/25 02:46,02/18/25 07:46
538,,Vernal Equinox,03/20/25 05:01,03/20/25 09:01
539,,First Third of Spring,04/19/25 17:53,04/19/25 21:53
540,,Mid-Spring,05/05/25 04:50,05/05/25 08:50
541,,Second Third of Spring,05/20/25 15:47,05/20/25 19:47
542,,Summer Solstice,06/20/25 22:42,06/21/25 02:42
543,,First Third of Summer,07/22/25 01:12,07/22/25 05:12
544,,Mid-Summer,08/06/25 15:48,08/06/25 19:48
545,,Second Third of Summer,08/22/25 06:24,08/22/25 10:24
546,,Autumnal Equinox,09/22/25 14:19,09/22/25 18:19
547,,First Third of Autumn,10/21/25 18:54,10/21/25 22:54
548,,Mid-Autumn,11/05/25 17:22,11/05/25 22:22
549,,Second Third of Autumn,11/20/25 16:49,11/20/25 21:49
550,,Winter Solstice,12/21/25 10:03,12/21/25 15:03
551,,,,
